<entities >
  <entity name="duit_country" displayname="Country" etc="10651" primaryidfield="duit_countryid" primarynamefield="duit_countryname" disableplugins="false">
    <fields>
      <field updateCompare="true" displayname="Country" name="duit_countryid" type="guid" primaryKey="true" />
      <field displayname="Country Name" name="duit_countryname" type="string" customfield="true" />
      <field displayname="ISO 2 Code" name="duit_iso2code" type="string" customfield="true" />
      <field displayname="ISO 3 Code" name="duit_iso3code" type="string" customfield="true" />
      <field displayname="ISO Numeric Code" name="duit_isonumericcode" type="number" customfield="true" />
    </fields>
  </entity>
  <entity name="duit_stateprovince" displayname="State/Province" etc="10643" primaryidfield="duit_stateprovinceid" primarynamefield="duit_stateprovincename" disableplugins="false">
    <fields>
      <field displayname="Country" name="duit_country" type="entityreference" lookupType="duit_country" customfield="true" />
      <field displayname="ISO Code" name="duit_isocode" type="string" customfield="true" />
      <field updateCompare="true" displayname="State/Province" name="duit_stateprovinceid" type="guid" primaryKey="true" />
      <field displayname="State/Province Name" name="duit_stateprovincename" type="string" customfield="true" />
    </fields>
  </entity>
</entities>